Citymapper Mobility Index - Last updated on 2020-04-17,,,,,,,,,,,,,,,,,,,,,,,,,,,,,,,,,,,,,,,,,
Journalists and public-interest researchers may use this information as long as they attribute it to Citymapper and link to citymapper.com/cmi.,,,,,,,,,,,,,,,,,,,,,,,,,,,,,,,,,,,,,,,,,
"All others who wish to use this information, please contact us from our website.",,,,,,,,,,,,,,,,,,,,,,,,,,,,,,,,,,,,,,,,,
Date,Amsterdam,Barcelona,Berlin,Birmingham,Boston,Brussels,Chicago,Copenhagen,Hamburg,Hong Kong,Istanbul,Lisbon,London,Los Angeles,Lyon,Madrid,Manchester,Melbourne,Mexico City,Milan,Monaco,Montréal,Moscow,New York City,Paris,Philadelphia,Rhine-Ruhr,Rome,San Francisco,Seattle,Seoul,Singapore,St. Petersburg,Stockholm,Sydney,São Paulo,Tokyo,Toronto,Vancouver,Vienna,Washington DC
2020-01-20,,,,,,,,,,1.07,,,,,,,,,,,,,,,,,,,,,,,,,,,,,,,
2020-01-21,,,,,,,,,,1.04,,,,,,,,,,,,,,,,,,,,,,,,,,,,,,,
2020-01-22,,,,,,,,,,1.03,,,,,,,,,,,,,,,,,,,,,,,,,,,,,,,
2020-01-23,,,,,,,,,,0.93,,,,,,,,,,,,,,,,,,,,,,,,,,,,,,,
2020-01-24,,,,,,,,,,0.73,,,,,,,,,,,,,,,,,,,,,,,,,,,,,,,
2020-01-25,,,,,,,,,,0.49,,,,,,,,,,,,,,,,,,,,,,,,,,,,,,,
2020-01-26,,,,,,,,,,0.61,,,,,,,,,,,,,,,,,,,,,,,,,,,,,,,
2020-01-27,,,,,,,,,,0.72,,,,,,,,,,,,,,,,,,,,,,,,,,,0.98,,,,
2020-01-28,,,,,,,,,,0.62,,,,,,,,,,,,,,,,,,,,,,,,,,,0.93,,,,
2020-01-29,,,,,,,,,,0.53,,,,,,,,,,,,,,,,,,,,,,,,,,,0.92,,,,
2020-01-30,,,,,,,,,,0.5,,,,,,,,,,,,,,,,,,,,,,,,,,,0.89,,,,
2020-01-31,,,,,,,,,,0.48,,,,,,,,,,,,,,,,,,,,,,,,,,,0.87,,,,
2020-02-01,,,,,,,,,,0.47,,,,,,,,,,,,,,,,,,,,,,,,,,,0.91,,,,
2020-02-02,,,,,,,,,,0.5,,,,,,,,,,,,,,,,,,,,,,,,,,,0.86,,,,
2020-02-03,,,,,,,,,,0.53,,,,,,,,,,,,,,,,,,,,,0.97,1.03,,,,,0.93,,,,
2020-02-04,,,,,,,,,,0.52,,,,,,,,,,,,,,,,,,,,,0.94,1.04,,,,,0.93,,,,
2020-02-05,,,,,,,,,,0.48,,,,,,,,,,,,,,,,,,,,,0.88,1.01,,,,,0.82,,,,
2020-02-06,,,,,,,,,,0.47,,,,,,,,,,,,,,,,,,,,,0.92,0.98,,,,,0.84,,,,
2020-02-07,,,,,,,,,,0.47,,,,,,,,,,,,,,,,,,,,,0.95,0.95,,,,,0.92,,,,
2020-02-08,,,,,,,,,,0.46,,,,,,,,,,,,,,,,,,,,,0.92,0.9,,,,,0.82,,,,
2020-02-09,,,,,,,,,,0.47,,,,,,,,,,,,,,,,,,,,,0.96,0.84,,,,,0.83,,,,
2020-02-10,,,,,,,,,,0.48,,,,,,,,,,,,,,,,,,,,,0.91,0.88,,,,,0.8,,,,
2020-02-11,,,,,,,,,,0.45,,,,,,,,,,,,,,,,,,,,,0.93,0.86,,,,,0.86,,,,
2020-02-12,,,,,,,,,,0.48,,,,,,,,,,,,,,,,,,,,,0.81,0.89,,,,,0.9,,,,
2020-02-13,,,,,,,,,,0.44,,,,,,,,,,,,,,,,,,,,,0.93,0.86,,,,,0.91,,,,
2020-02-14,,,,,,,,,,0.52,,,,,,,,,,,,,,,,,,,,,0.99,0.89,,,,,0.99,,,,
2020-02-15,,,,,,,,,,0.44,,,,,,,,,,,,,,,,,,,,,0.95,0.87,,,,,0.89,,,,
2020-02-16,,,,,,,,,,0.43,,,,,,,,,,,,,,,,,,,,,0.81,0.85,,,,,0.93,,,,
2020-02-17,,,,,,,,,,0.48,,,,,,,,,,1.23,1.22,,,,,,,,,,0.83,0.87,,,,,0.91,,,,
2020-02-18,,,,,,,,,,0.49,,,,,,,,,,1.24,1.27,,,,,,,,,,0.81,0.88,,,,,0.87,,,,
2020-02-19,,,,,,,,,,0.5,,,,,,,,,,1.3,1.41,,,,,,,,,,0.86,0.87,,,,,0.79,,,,
2020-02-20,,,,,,,,,,0.51,,,,,,,,,,1.28,1.13,,,,,,,,,,0.88,0.85,,,,,0.81,,,,
2020-02-21,,,,,,,,,,0.49,,,,,,,,,,1.14,1.2,,,,,,,,,,0.86,0.88,,,,,0.85,,,,
2020-02-22,,,,,,,,,,0.53,,,,,,,,,,1.02,0.67,,,,,,,,,,0.78,0.91,,,,,0.9,,,,
2020-02-23,,,,,,,,,,0.52,,,,,,,,,,0.76,0.78,,,,,,,,,,0.73,0.86,,,,,0.92,,,,
2020-02-24,,,,,,,,,1.12,0.51,,,,,1.02,,,,,0.55,0.91,,,,,,0.95,1.36,1.09,0.88,0.7,0.86,,,,,0.85,,,,
2020-02-25,,,,,,,,,1.05,0.5,,,,,1.03,,,,,0.41,0.72,,,,,,0.84,1.02,1.07,0.98,0.67,0.89,,,,,0.83,,,,
2020-02-26,,,,,,,,,0.97,0.52,,,,,1.0,,,,,0.37,0.78,,,,,,0.87,0.98,1.0,0.98,0.62,0.89,,,,,0.86,,,,
2020-02-27,,,,,,,,,1.06,0.52,,,,,0.95,,,,,0.35,0.72,,,,,,0.88,0.94,1.04,0.99,0.61,0.9,,,,,0.81,,,,
2020-02-28,,,,,,,,,0.95,0.51,,,,,0.92,,,,,0.35,0.93,,,,,,0.8,0.93,1.02,0.99,0.5,0.89,,,,,0.79,,,,
2020-02-29,,,,,,,,,0.97,0.55,,,,,0.88,,,,,0.35,0.71,,,,,,0.78,0.88,0.99,1.07,0.53,0.91,,,,,0.74,,,,
2020-03-01,,,,,,,,,0.95,0.56,,,,,0.9,,,,,0.35,0.76,,,,,,0.74,0.82,0.93,1.07,0.44,0.88,,,,,0.68,,,,
2020-03-02,1.1,1.13,1.03,1.0,0.97,1.06,1.06,1.03,0.94,0.52,1.24,1.2,1.0,1.07,0.82,1.07,1.06,1.13,1.14,0.45,0.82,0.96,1.02,1.0,0.95,0.94,0.74,0.97,1.0,0.83,0.52,0.88,1.16,0.98,1.21,1.12,0.6,0.95,0.93,1.3,1.02
2020-03-03,1.03,1.05,0.94,1.05,0.99,1.02,0.99,1.02,0.82,0.52,1.24,1.23,1.02,1.1,0.76,1.0,0.98,1.06,1.11,0.44,0.72,1.0,1.17,1.02,1.01,0.96,0.79,0.91,1.0,0.83,0.51,0.91,1.25,0.93,1.09,1.16,0.62,1.02,0.95,1.15,0.95
2020-03-04,0.98,1.05,0.93,0.99,0.97,1.07,0.97,0.97,0.85,0.5,1.17,1.28,1.0,1.08,0.75,1.0,1.0,1.14,1.09,0.43,0.81,1.03,1.13,1.04,0.95,0.89,0.75,0.91,0.96,0.8,0.48,0.9,1.15,0.97,1.06,1.13,0.63,0.97,0.94,1.28,0.97
2020-03-05,1.09,1.06,0.92,1.04,0.97,1.09,1.0,0.96,0.87,0.52,1.17,1.25,1.01,1.04,0.77,1.01,1.0,1.06,1.08,0.39,0.6,1.04,1.03,1.02,0.98,0.96,0.82,0.74,0.95,0.72,0.46,0.87,1.14,0.98,1.05,1.18,0.61,1.05,1.02,1.34,0.96
2020-03-06,1.07,1.05,0.92,1.08,1.02,1.13,1.01,1.03,0.88,0.54,1.27,1.23,0.99,1.0,0.8,1.01,1.05,1.04,1.09,0.37,0.75,1.02,1.08,1.03,0.99,0.95,0.86,0.66,0.93,0.71,0.46,0.9,1.13,1.05,1.07,1.17,0.63,1.0,0.93,1.25,0.92
2020-03-07,1.06,1.1,0.92,1.11,0.93,1.13,1.09,1.11,0.93,0.55,1.44,1.27,0.97,0.96,0.89,0.98,1.02,1.04,1.15,0.34,0.65,1.07,1.02,1.03,0.99,1.01,0.8,0.59,0.85,0.68,0.43,0.89,1.15,1.06,1.08,1.2,0.57,1.09,0.99,1.21,1.01
2020-03-08,0.97,1.07,0.97,1.0,0.89,1.07,1.07,1.01,0.88,0.53,1.41,1.18,0.94,0.98,0.94,1.03,1.08,0.93,1.32,0.23,0.64,1.14,0.97,1.01,0.95,1.03,0.81,0.51,0.88,0.74,0.51,0.88,0.99,0.99,1.09,1.05,0.53,1.06,0.98,1.02,0.98
2020-03-09,0.93,1.04,0.94,1.0,0.92,1.03,1.05,0.97,0.87,0.54,1.26,1.2,0.97,1.03,0.99,1.0,1.01,0.93,0.74,0.19,0.7,0.96,0.86,0.97,0.86,1.0,0.71,0.43,0.83,0.57,0.46,0.87,0.9,0.92,1.07,1.12,0.5,0.94,0.93,1.15,0.94
2020-03-10,0.86,0.92,0.83,0.98,0.81,0.87,0.95,0.86,0.74,0.55,1.15,1.14,0.97,0.92,0.99,0.78,0.93,1.06,0.95,0.13,0.74,0.99,1.06,0.9,0.88,0.85,0.68,0.23,0.74,0.57,0.41,0.95,1.06,0.87,0.98,1.17,0.58,0.95,0.91,1.03,0.83
2020-03-11,0.86,0.86,0.86,0.91,0.77,0.96,0.92,0.8,0.72,0.52,1.03,1.08,0.91,0.81,0.97,0.65,0.91,1.1,1.1,0.1,0.5,1.04,1.14,0.85,0.89,0.85,0.72,0.16,0.65,0.51,0.43,0.88,1.15,0.83,0.99,1.14,0.54,0.91,0.89,0.92,0.82
2020-03-12,0.74,0.69,0.72,0.95,0.62,0.82,0.8,0.56,0.67,0.54,0.98,0.85,0.84,0.71,0.89,0.41,0.88,1.02,1.02,0.07,0.55,1.0,1.0,0.7,0.81,0.7,0.67,0.11,0.58,0.43,0.45,0.84,1.05,0.71,1.0,1.07,0.5,0.87,0.91,0.8,0.66
2020-03-13,0.6,0.47,0.6,0.89,0.49,0.68,0.66,0.31,0.59,0.53,0.89,0.68,0.75,0.56,0.81,0.23,0.89,0.95,1.01,0.06,0.5,0.87,0.95,0.54,0.74,0.57,0.52,0.07,0.49,0.41,0.41,0.83,0.97,0.66,0.92,0.96,0.46,0.78,0.76,0.51,0.54
2020-03-14,0.52,0.24,0.54,0.84,0.42,0.38,0.54,0.27,0.48,0.56,0.73,0.62,0.75,0.5,0.75,0.11,0.81,0.89,0.91,0.05,0.35,0.79,1.0,0.47,0.65,0.5,0.48,0.07,0.4,0.36,0.4,0.85,0.98,0.65,0.72,0.88,0.39,0.72,0.74,0.41,0.47
2020-03-15,0.43,0.16,0.45,0.72,0.35,0.33,0.49,0.21,0.45,0.55,0.52,0.45,0.67,0.44,0.53,0.1,0.77,0.81,0.82,0.05,0.3,0.69,0.8,0.36,0.47,0.39,0.44,0.05,0.38,0.42,0.38,0.82,0.97,0.53,0.75,0.73,0.39,0.67,0.7,0.3,0.35
2020-03-16,0.28,0.12,0.41,0.65,0.29,0.33,0.34,0.17,0.39,0.54,0.49,0.35,0.6,0.39,0.36,0.09,0.68,0.79,0.43,0.07,0.33,0.51,0.85,0.3,0.33,0.38,0.35,0.08,0.33,0.29,0.44,0.8,1.0,0.52,0.66,0.62,0.37,0.51,0.67,0.15,0.32
2020-03-17,0.16,0.08,0.28,0.55,0.19,0.23,0.21,0.15,0.27,0.52,0.31,0.27,0.44,0.27,0.14,0.06,0.47,0.66,0.62,0.06,0.2,0.34,0.82,0.2,0.15,0.28,0.27,0.06,0.14,0.23,0.4,0.81,0.89,0.39,0.61,0.45,0.46,0.4,0.45,0.08,0.19
2020-03-18,0.13,0.06,0.26,0.45,0.16,0.15,0.16,0.11,0.2,0.48,0.2,0.24,0.36,0.23,0.06,0.05,0.42,0.53,0.53,0.05,0.12,0.31,0.75,0.17,0.08,0.22,0.29,0.06,0.09,0.19,0.41,0.79,0.85,0.34,0.57,0.33,0.42,0.32,0.38,0.09,0.15
2020-03-19,0.1,0.05,0.18,0.42,0.12,0.09,0.14,0.13,0.19,0.46,0.16,0.17,0.39,0.2,0.05,0.05,0.38,0.5,0.48,0.04,0.1,0.27,0.64,0.13,0.07,0.19,0.22,0.06,0.09,0.17,0.36,0.73,0.76,0.36,0.54,0.25,0.37,0.31,0.34,0.07,0.13
2020-03-20,0.08,0.05,0.13,0.38,0.12,0.07,0.13,0.08,0.14,0.44,0.14,0.13,0.31,0.19,0.05,0.04,0.36,0.49,0.42,0.04,0.08,0.24,0.57,0.12,0.06,0.19,0.16,0.05,0.09,0.16,0.44,0.73,0.72,0.3,0.57,0.19,0.35,0.27,0.27,0.05,0.12
2020-03-21,0.08,0.04,0.12,0.31,0.11,0.07,0.12,0.09,0.09,0.41,0.11,0.13,0.23,0.15,0.04,0.04,0.26,0.46,0.31,0.03,0.04,0.23,0.53,0.1,0.05,0.19,0.13,0.05,0.09,0.18,0.39,0.75,0.65,0.31,0.47,0.17,0.27,0.3,0.27,0.03,0.14
2020-03-22,0.07,0.03,0.11,0.25,0.1,0.08,0.1,0.08,0.12,0.42,0.11,0.11,0.23,0.13,0.04,0.04,0.26,0.42,0.28,0.03,0.07,0.21,0.56,0.08,0.06,0.17,0.15,0.04,0.09,0.18,0.38,0.67,0.63,0.3,0.45,0.17,0.23,0.27,0.22,0.05,0.11
2020-03-23,0.07,0.05,0.13,0.31,0.1,0.08,0.09,0.1,0.15,0.4,0.11,0.14,0.25,0.16,0.05,0.05,0.28,0.33,0.3,0.04,0.05,0.18,0.57,0.08,0.07,0.17,0.17,0.06,0.08,0.14,0.36,0.63,0.73,0.35,0.29,0.13,0.18,0.23,0.24,0.06,0.09
2020-03-24,0.07,0.04,0.12,0.21,0.08,0.07,0.09,0.1,0.12,0.38,0.1,0.12,0.15,0.12,0.05,0.05,0.16,0.25,0.29,0.04,0.1,0.16,0.57,0.08,0.06,0.13,0.16,0.04,0.06,0.1,0.36,0.66,0.68,0.32,0.23,0.11,0.18,0.22,0.18,0.06,0.07
2020-03-25,0.06,0.04,0.12,0.18,0.07,0.07,0.07,0.11,0.12,0.37,0.1,0.12,0.12,0.13,0.04,0.04,0.13,0.2,0.23,0.03,0.07,0.14,0.54,0.07,0.06,0.13,0.15,0.05,0.06,0.08,0.37,0.62,0.69,0.32,0.2,0.12,0.21,0.19,0.16,0.06,0.06
2020-03-26,0.06,0.03,0.11,0.16,0.07,0.08,0.07,0.08,0.1,0.36,0.1,0.1,0.1,0.12,0.04,0.04,0.12,0.2,0.21,0.03,0.07,0.13,0.49,0.08,0.06,0.15,0.16,0.04,0.06,0.09,0.36,0.57,0.58,0.26,0.18,0.11,0.15,0.18,0.17,0.06,0.07
2020-03-27,0.05,0.03,0.1,0.14,0.07,0.07,0.07,0.08,0.11,0.34,0.08,0.1,0.09,0.11,0.04,0.03,0.12,0.18,0.18,0.03,0.07,0.13,0.46,0.07,0.05,0.14,0.13,0.04,0.06,0.08,0.37,0.53,0.56,0.27,0.18,0.12,0.12,0.18,0.13,0.05,0.06
2020-03-28,0.05,0.03,0.1,0.14,0.06,0.06,0.07,0.08,0.11,0.29,0.07,0.12,0.08,0.1,0.04,0.03,0.1,0.18,0.16,0.02,0.07,0.12,0.32,0.06,0.05,0.11,0.12,0.04,0.06,0.1,0.36,0.56,0.35,0.28,0.18,0.13,0.12,0.19,0.13,0.05,0.06
2020-03-29,0.05,0.03,0.08,0.14,0.06,0.06,0.09,0.07,0.1,0.28,0.07,0.11,0.08,0.11,0.03,0.03,0.11,0.18,0.15,0.03,0.05,0.11,0.27,0.05,0.05,0.11,0.12,0.03,0.07,0.12,0.35,0.54,0.29,0.28,0.19,0.13,0.07,0.18,0.15,0.03,0.07
2020-03-30,0.05,0.04,0.12,0.16,0.06,0.07,0.08,0.09,0.14,0.32,0.09,0.11,0.1,0.12,0.04,0.04,0.13,0.18,0.18,0.04,0.07,0.13,0.17,0.08,0.06,0.13,0.15,0.05,0.08,0.08,0.38,0.53,0.28,0.28,0.16,0.14,0.11,0.17,0.17,0.05,0.08
2020-03-31,0.06,0.03,0.12,0.13,0.06,0.07,0.07,0.12,0.13,0.33,0.08,0.12,0.1,0.11,0.04,0.04,0.1,0.15,0.17,0.03,0.05,0.12,0.17,0.07,0.06,0.1,0.15,0.05,0.06,0.08,0.36,0.55,0.24,0.29,0.14,0.14,0.1,0.18,0.17,0.06,0.05
2020-04-01,0.06,0.03,0.12,0.12,0.06,0.07,0.07,0.1,0.12,0.33,0.08,0.1,0.09,0.11,0.04,0.04,0.1,0.15,0.15,0.03,0.07,0.13,0.14,0.07,0.05,0.12,0.17,0.05,0.05,0.08,0.37,0.51,0.2,0.3,0.13,0.12,0.07,0.18,0.16,0.06,0.05
2020-04-02,0.06,0.03,0.11,0.13,0.05,0.06,0.07,0.1,0.13,0.32,0.07,0.11,0.09,0.11,0.04,0.03,0.09,0.12,0.14,0.03,0.05,0.11,0.12,0.06,0.05,0.11,0.16,0.04,0.05,0.09,0.37,0.49,0.18,0.28,0.13,0.12,0.09,0.15,0.15,0.05,0.05
2020-04-03,0.04,0.02,0.1,0.13,0.05,0.05,0.07,0.09,0.1,0.32,0.06,0.1,0.08,0.1,0.04,0.03,0.08,0.13,0.13,0.03,0.06,0.11,0.13,0.06,0.05,0.12,0.12,0.04,0.06,0.09,0.42,0.44,0.17,0.27,0.13,0.11,0.12,0.16,0.15,0.04,0.05
2020-04-04,0.05,0.02,0.1,0.13,0.06,0.06,0.07,0.09,0.1,0.27,0.05,0.1,0.07,0.09,0.04,0.03,0.08,0.12,0.11,0.03,0.02,0.12,0.13,0.06,0.04,0.1,0.12,0.04,0.06,0.07,0.39,0.5,0.18,0.27,0.14,0.13,0.13,0.17,0.14,0.04,0.05
2020-04-05,0.05,0.02,0.11,0.12,0.07,0.08,0.07,0.07,0.14,0.26,0.05,0.08,0.09,0.1,0.03,0.03,0.09,0.14,0.11,0.03,0.03,0.09,0.13,0.05,0.05,0.1,0.15,0.03,0.06,0.1,0.34,0.52,0.22,0.24,0.17,0.13,0.09,0.17,0.15,0.03,0.06
2020-04-06,0.06,0.03,0.14,0.13,0.06,0.08,0.07,0.1,0.16,0.32,0.08,0.09,0.09,0.1,0.04,0.04,0.11,0.15,0.13,0.04,0.05,0.13,0.16,0.07,0.05,0.14,0.16,0.05,0.06,0.09,0.36,0.5,0.31,0.3,0.14,0.12,0.1,0.15,0.18,0.06,0.05
2020-04-07,0.07,0.03,0.12,0.1,0.06,0.07,0.05,0.12,0.15,0.36,0.08,0.11,0.09,0.08,0.04,0.04,0.1,0.14,0.13,0.03,0.07,0.11,0.17,0.06,0.05,0.13,0.13,0.05,0.05,0.08,0.37,0.21,0.28,0.3,0.13,0.12,0.09,0.16,0.15,0.06,0.04
2020-04-08,0.06,0.03,0.14,0.11,0.06,0.07,0.06,0.11,0.15,0.38,0.07,0.11,0.08,0.08,0.04,0.04,0.09,0.13,0.13,0.03,0.02,0.1,0.16,0.06,0.05,0.12,0.16,0.05,0.04,0.08,0.36,0.17,0.25,0.28,0.12,0.12,0.08,0.15,0.14,0.07,0.05
2020-04-09,0.06,0.03,0.13,0.13,0.04,0.08,0.06,0.11,0.16,0.44,0.07,0.09,0.08,0.07,0.04,0.03,0.09,0.12,0.09,0.03,0.03,0.09,0.14,0.05,0.05,0.12,0.17,0.05,0.05,0.07,0.38,0.15,0.27,0.3,0.11,0.12,0.08,0.15,0.17,0.07,0.05
2020-04-10,0.05,0.02,0.1,0.1,0.05,0.06,0.06,0.09,0.1,0.38,0.07,0.08,0.08,0.07,0.04,0.03,0.09,0.1,0.07,0.03,0.06,0.1,0.13,0.05,0.05,0.13,0.12,0.04,0.05,0.06,0.41,0.14,0.24,0.25,0.1,0.08,0.08,0.12,0.13,0.05,0.04
2020-04-11,0.06,0.03,0.11,0.12,0.06,0.07,0.06,0.09,0.1,0.31,0.05,0.08,0.07,0.08,0.04,0.03,0.09,0.12,0.08,0.03,0.03,0.09,0.15,0.05,0.05,0.11,0.13,0.04,0.05,0.06,0.38,0.15,0.23,0.26,0.14,0.12,0.09,0.14,0.14,0.05,0.05
2020-04-12,0.06,0.02,0.14,0.1,0.06,0.07,0.07,0.1,0.13,0.42,0.04,0.08,0.07,0.06,0.03,0.04,0.08,0.09,0.1,0.02,0.02,0.08,0.16,0.05,0.05,0.1,0.14,0.03,0.05,0.09,0.34,0.16,0.21,0.23,0.12,0.12,0.05,0.13,0.14,0.04,0.04
2020-04-13,0.06,0.03,0.09,0.1,0.05,0.06,0.07,0.1,0.11,0.42,0.08,0.09,0.08,0.11,0.03,0.05,0.1,0.13,0.13,0.03,0.03,0.11,0.16,0.06,0.04,0.11,0.11,0.03,0.05,0.08,0.36,0.13,0.28,0.25,0.13,0.11,0.05,0.14,0.14,0.06,0.05
2020-04-14,0.06,0.04,0.12,0.13,0.05,0.06,0.06,0.13,0.13,0.4,0.08,0.1,0.09,0.09,0.04,0.04,0.1,0.14,0.12,0.04,0.02,0.11,0.17,0.06,0.06,0.11,0.16,0.05,0.05,0.05,0.4,0.13,0.32,0.29,0.13,0.11,0.07,0.15,0.16,0.08,0.04
2020-04-15,0.06,0.04,0.13,0.12,0.05,0.07,0.06,0.13,0.15,0.41,0.09,0.11,0.09,0.08,0.04,0.04,0.09,0.14,0.11,0.03,0.03,0.1,0.13,0.06,0.05,0.1,0.17,0.05,0.04,0.07,0.38,0.12,0.31,0.3,0.14,0.11,0.06,0.14,0.14,0.08,0.04
2020-04-16,0.05,0.03,0.13,0.13,0.04,0.07,0.05,0.11,0.15,0.42,0.08,0.09,0.08,0.07,0.04,0.04,0.08,0.12,0.12,0.03,0.05,0.09,0.11,0.06,0.05,0.11,0.17,0.05,0.04,0.06,0.4,0.12,0.28,0.29,0.13,0.11,0.05,0.14,0.15,0.09,0.04
